SHAPE_ID,VALUE,geom_simple,landgebruik,bodem,maaiveldhoogte,maaiveldhoogte_median,maaiveldhoogte_p95_minus_p05,maaiveldhoogte_iqr,water_percentage,stedelijk_percentage,infiltratie,permabiliteit,oppervlak,water_opp,stedelijk_opp,klei1_zand0,klei,veen,zand,stuw
AFVG1,0.064,"POLYGON ((5.0517 52.0188, 5.0537 52.0185, 5.0555 52.0173, 5.0592 52.016, 5.0688 52.0141, 5.0709 52.0103, 5.07 52.0086, 5.0715 52.0081, 5.0755 52.0083, 5.0781 52.0101, 5.0786 52.0126, 5.0778 52.0139, 5.076 52.0152, 5.0777 52.0145, 5.0804 52.0114, 5.0773 52.0089, 5.0755 52.008, 5.0735 52.0078, 5.0756 52.0039, 5.077 52.0034, 5.0779 52.0017, 5.066 51.9994, 5.0637 51.9969, 5.0644 51.9956, 5.0629 51.9943, 5.0615 51.9919, 5.0601 51.9916, 5.058 51.9902, 5.0548 51.9897, 5.0485 51.9876, 5.0404 51.984, 5.0357 51.981, 5.0296 51.9755, 5.0261 51.9734, 5.0228 51.9753, 5.0196 51.978, 5.0137 51.9804, 5.0108 51.9808, 5.0073 51.9806, 5.0062 51.9812, 5.0018 51.9816, 4.9981 51.9809, 4.9954 51.9784, 4.9931 51.9776, 4.9912 51.9771, 4.9885 51.9773, 4.9869 51.9767, 4.9848 51.9768, 4.9842 51.9759, 4.9843 51.9742, 4.9777 51.9686, 4.9759 51.966, 4.9713 51.9634, 4.9581 51.9641, 4.9503 51.9658, 4.9461 51.9661, 4.9441 51.9671, 4.9388 51.9669, 4.9321 51.9627, 4.9302 51.9582, 4.9273 51.9544, 4.9243 51.9537, 4.9226 51.9515, 4.9208 51.9503, 4.9194 51.9481, 4.9153 51.9464, 4.8947 51.943, 4.8857 51.9408, 4.8829 51.9414, 4.8768 51.9409, 4.8738 51.9402, 4.8712 51.9404, 4.8663 51.9419, 4.8629 51.9436, 4.8577 51.9442, 4.857 51.9447, 4.8575 51.9454, 4.8561 51.9464, 4.8572 51.9476, 4.8548 51.9484, 4.8539 51.9497, 4.8515 51.9495, 4.851 51.9549, 4.8528 51.9547, 4.8538 51.9542, 4.854 51.9535, 4.8546 51.9537, 4.8535 51.9546, 4.847 51.9563, 4.8479 51.9578, 4.8466 51.9588, 4.846 51.9607, 4.8435 51.9622, 4.8422 51.9652, 4.8397 51.9658, 4.8367 51.9678, 4.8308 51.9693, 4.8272 51.9717, 4.8473 51.9749, 4.8484 51.9743, 4.849 51.9746, 4.8529 51.9722, 4.8541 51.9724, 4.8551 51.9717, 4.8565 51.9721, 4.8573 51.9717, 4.8587 51.9722, 4.8578 51.973, 4.8608 51.9734, 4.8623 51.9724, 4.8625 51.973, 4.8658 51.9704, 4.8677 51.971, 4.869 51.9702, 4.8994 51.9809, 4.8928 51.9899, 4.8935 51.9905, 4.8962 51.9912, 4.8958 51.9918, 4.8968 51.9919, 4.8967 51.9923, 4.8981 51.9922, 4.9008 51.9931, 4.9005 51.9936, 4.9021 51.9934, 4.9026 51.9937, 4.9024 51.9941, 4.9033 51.9944, 4.9037 51.9938, 4.9049 51.9937, 4.9032 51.9954, 4.8477 51.9757, 4.8454 51.9761, 4.8445 51.9768, 4.8469 51.9773, 4.8486 51.9763, 4.903 51.9955, 4.8966 52.006, 4.8915 52.0047, 4.8837 52.0117, 4.8843 52.012, 4.8921 52.0049, 4.8977 52.0068, 4.8975 52.0056, 4.9032 51.9969, 4.9068 51.9979, 4.9069 51.9985, 4.9086 51.9989, 4.909 51.9983, 4.9095 51.9984, 4.9093 51.9988, 4.911 51.9992, 4.911 51.9997, 4.9131 51.9994, 4.9129 51.9997, 4.9134 51.9998, 4.9129 52.0005, 4.9157 52.0013, 4.9159 52.0009, 4.9178 52.0012, 4.9189 52.0007, 4.9208 52.0014, 4.9217 52.0005, 4.9214 52.001, 4.923 52.0014, 4.9234 52.0007, 4.9271 52.0005, 4.9312 52.0017, 4.9317 52.0007, 4.9348 52.0016, 4.9344 52.0023, 4.9365 52.0028, 4.9404 52.0035, 4.9413 52.0028, 4.9432 52.0036, 4.9443 52.0031, 4.9442 52.0038, 4.9465 52.0046, 4.9419 52.0122, 4.9439 52.0126, 4.9429 52.0144, 4.9434 52.0145, 4.9444 52.0128, 4.9476 52.0135, 4.9465 52.0153, 4.9481 52.0156, 4.9546 52.0047, 4.9572 52.0052, 4.9567 52.006, 4.9625 52.0068, 4.9639 52.0077, 4.9658 52.0075, 4.9686 52.008, 4.9683 52.0084, 4.9688 52.0085, 4.9695 52.0085, 4.9698 52.008, 4.9749 52.0089, 4.9754 52.0091, 4.975 52.0098, 4.9779 52.0107, 4.9791 52.0101, 4.9818 52.0107, 4.9822 52.01, 4.9828 52.01, 4.9868 52.0112, 4.9871 52.0106, 4.9879 52.0109, 4.9888 52.0104, 4.9893 52.0105, 4.9889 52.0112, 4.9906 52.0115, 4.9909 52.011, 4.9924 52.0114, 4.9942 52.0104, 4.9937 52.0112, 4.9948 52.0117, 4.9982 52.0116, 5.0004 52.0125, 5.0009 52.012, 5.0042 52.0119, 5.0068 52.0123, 5.0064 52.013, 5.0081 52.0135, 5.01 52.0133, 5.0102 52.0129, 5.012 52.0133, 5.0114 52.0143, 5.0116 52.0147, 5.0127 52.0137, 5.0141 52.014, 5.0137 52.0145, 5.0149 52.0148, 5.0162 52.0149, 5.0165 52.0144, 5.0189 52.0151, 5.0199 52.0144, 5.0216 52.0147, 5.022 52.0141, 5.0268 52.0149, 5.0271 52.0158, 5.0394 52.0188, 5.0444 52.0164, 5.0461 52.0162, 5.0509 52.019, 5.0517 52.0188))",Weidehooi,Klei op veen,-0.51,-0.84,2.9000000000000004,1.12,7.8,10.3,104.36,0.87,64203991,5007911,6613011,1,1,0,0,0
AFVG5,0.063,"POLYGON ((4.7776 52.002, 4.7778 52.0028, 4.781 52.0029, 4.7849 52.0027, 4.7877 52.003, 4.7882 52.0032, 4.7885 52.0034, 4.7891 52.0043, 4.7923 52.0066, 4.7965 52.0114, 4.7988 52.013, 4.8 52.0134, 4.8038 52.0139, 4.8069 52.014, 4.8072 52.0129, 4.8075 52.0125, 4.8077 52.0126, 4.8072 52.014, 4.8123 52.0139, 4.8143 52.0137, 4.8173 52.0142, 4.8192 52.0151, 4.8219 52.016, 4.8224 52.0156, 4.8226 52.0157, 4.8224 52.0161, 4.8238 52.0168, 4.825 52.0171, 4.8268 52.0168, 4.8336 52.0163, 4.8399 52.0166, 4.8424 52.0169, 4.8459 52.0179, 4.8469 52.0181, 4.8473 52.018, 4.8473 52.0182, 4.8476 52.0182, 4.8487 52.0188, 4.8505 52.0194, 4.8563 52.0201, 4.8573 52.0204, 4.8629 52.0229, 4.8642 52.0214, 4.8663 52.0216, 4.8686 52.021, 4.8699 52.021, 4.8708 52.0214, 4.8716 52.0207, 4.8741 52.0177, 4.8753 52.017, 4.8778 52.0171, 4.8915 52.0047, 4.8886 52.0038, 4.8878 52.0037, 4.8801 52.0011, 4.8786 52.0008, 4.8668 51.9964, 4.8534 51.9917, 4.8404 51.9878, 4.8381 51.9869, 4.8375 51.9869, 4.8356 51.9863, 4.8354 51.9861, 4.8381 51.9867, 4.8407 51.9877, 4.8451 51.9891, 4.8545 51.9919, 4.8789 52.0007, 4.8815 52.0013, 4.8875 52.0034, 4.8914 52.0045, 4.892 52.0043, 4.8962 52.006, 4.8968 52.0057, 4.903 51.9955, 4.8967 51.9933, 4.8968 51.9932, 4.8963 51.9932, 4.8912 51.9913, 4.8845 51.9891, 4.8743 51.9853, 4.8532 51.9779, 4.8514 51.9774, 4.8486 51.9763, 4.8469 51.9773, 4.8453 51.9771, 4.8445 51.9768, 4.8448 51.9765, 4.8454 51.9761, 4.8477 51.9757, 4.8483 51.9761, 4.8518 51.9773, 4.8528 51.9775, 4.8544 51.9782, 4.8691 51.9834, 4.8786 51.9866, 4.8803 51.9874, 4.8827 51.9881, 4.8832 51.9884, 4.9021 51.9949, 4.902 51.995, 4.9021 51.9949, 4.9032 51.9954, 4.9049 51.9937, 4.9046 51.9937, 4.9044 51.994, 4.9037 51.9938, 4.9033 51.9944, 4.9024 51.9941, 4.9026 51.9937, 4.9022 51.9936, 4.9021 51.9934, 4.9015 51.9933, 4.9012 51.9938, 4.9005 51.9936, 4.9008 51.9931, 4.8986 51.9926, 4.8988 51.9924, 4.8981 51.9922, 4.8978 51.9925, 4.8967 51.9923, 4.8968 51.9919, 4.8963 51.9917, 4.8961 51.9919, 4.8958 51.9918, 4.8962 51.9912, 4.8954 51.991, 4.8953 51.9911, 4.8935 51.9905, 4.8936 51.9902, 4.8928 51.9899, 4.8941 51.988, 4.894 51.9878, 4.8944 51.9877, 4.8954 51.9863, 4.8953 51.9861, 4.8968 51.9844, 4.8994 51.9809, 4.8947 51.9791, 4.8715 51.9712, 4.869 51.9702, 4.8687 51.9702, 4.8677 51.971, 4.8669 51.9706, 4.8668 51.9707, 4.8663 51.9705, 4.8662 51.9706, 4.8658 51.9704, 4.8625 51.973, 4.8623 51.9729, 4.8625 51.9725, 4.8623 51.9724, 4.8608 51.9734, 4.8578 51.973, 4.8587 51.9722, 4.8583 51.9723, 4.8573 51.9717, 4.8565 51.9721, 4.8559 51.9718, 4.8551 51.9717, 4.8541 51.9724, 4.8529 51.9722, 4.849 51.9746, 4.8484 51.9743, 4.8473 51.9749, 4.8453 51.9745, 4.8441 51.9746, 4.8424 51.9742, 4.8417 51.9743, 4.8418 51.9742, 4.841 51.974, 4.8343 51.9729, 4.8333 51.9726, 4.8326 51.9726, 4.8299 51.972, 4.829 51.9719, 4.8289 51.972, 4.8283 51.9717, 4.8272 51.9717, 4.8275 51.9714, 4.8277 51.9714, 4.8295 51.9703, 4.8299 51.9698, 4.8308 51.9693, 4.8322 51.969, 4.8331 51.969, 4.8348 51.9682, 4.8367 51.9678, 4.8382 51.967, 4.8397 51.9658, 4.8411 51.9657, 4.8422 51.9652, 4.8433 51.9632, 4.8435 51.9622, 4.844 51.9617, 4.8451 51.9613, 4.846 51.9607, 4.8464 51.96, 4.8461 51.9599, 4.8466 51.9593, 4.8466 51.9588, 4.8471 51.9586, 4.8475 51.958, 4.8479 51.9578, 4.847 51.9563, 4.8485 51.9559, 4.8495 51.9559, 4.8516 51.9549, 4.8523 51.955, 4.8535 51.9546, 4.8546 51.9537, 4.8546 51.9535, 4.854 51.9535, 4.8538 51.9542, 4.8528 51.9547, 4.8517 51.9547, 4.8511 51.955, 4.851 51.9549, 4.8509 51.9547, 4.8515 51.9495, 4.8513 51.9496, 4.8512 51.9499, 4.8503 51.9553, 4.8492 51.9558, 4.848 51.9559, 4.8469 51.9562, 4.8469 51.9565, 4.8477 51.9578, 4.8465 51.9588, 4.8464 51.9591, 4.8458 51.9596, 4.8461 51.9602, 4.8456 51.9609, 4.8437 51.9617, 4.8434 51.9622, 4.843 51.9624, 4.8431 51.9633, 4.8425 51.9638, 4.8425 51.9644, 4.842 51.9651, 4.8408 51.9656, 4.8396 51.9655, 4.8389 51.9663, 4.8374 51.9673, 4.8367 51.9676, 4.8357 51.9674, 4.8353 51.9679, 4.8339 51.9686, 4.8333 51.9688, 4.8311 51.9688, 4.8303 51.969, 4.8299 51.9693, 4.8295 51.9702, 4.8277 51.9713, 4.8261 51.9716, 4.8256 51.9723, 4.825 51.9726, 4.8226 51.973, 4.8198 51.9719, 4.8197 51.972, 4.8226 51.9731, 4.8229 51.9731, 4.8226 51.9741, 4.822 51.9747, 4.8221 51.9756, 4.8215 51.9764, 4.8214 51.9772, 4.8206 51.9776, 4.8198 51.9786, 4.8187 51.9792, 4.817 51.9793, 4.8162 51.9795, 4.8157 51.9798, 4.8153 51.9807, 4.8154 51.9811, 4.8146 51.9822, 4.8145 51.9828, 4.8123 51.9856, 4.8082 51.9882, 4.8058 51.9884, 4.805 51.9891, 4.8037 51.9896, 4.8024 51.9898, 4.8008 51.9904, 4.7997 51.9903, 4.7987 51.9904, 4.7976 51.9911, 4.7953 51.9918, 4.7946 51.9916, 4.7941 51.9911, 4.7933 51.9911, 4.7921 51.9916, 4.7904 51.9913, 4.7871 51.9912, 4.7839 51.992, 4.7828 51.993, 4.783 51.9935, 4.7838 51.9943, 4.7838 51.9945, 4.7825 51.9946, 4.7817 51.995, 4.7817 51.9955, 4.782 51.9963, 4.7825 51.9968, 4.7839 51.9974, 4.7839 51.9976, 4.7812 51.9989, 4.7784 51.9996, 4.7775 51.9993, 4.7766 52.0004, 4.7756 52.0021, 4.7768 52.0022, 4.7776 52.002), (4.8271 51.972, 4.8341 51.9732, 4.8451 51.975, 4.8341 51.9732, 4.8271 51.972))",Weidehooi,Kleidek op veen,-1.64,-1.71,1.3600000000000003,0.24,12.8,5.5,156.73,0.94,31664890,4053105,1741568,1,1,0,0,0
AFVG6,0.067,"POLYGON ((5.09 52.0675, 5.1019 52.0547, 5.1017 52.0546, 5.1021 52.0544, 5.1033 52.0528, 5.104 52.0513, 5.104 52.0507, 5.1033 52.0506, 5.1044 52.0489, 5.1043 52.0486, 5.1012 52.0449, 5.0998 52.0452, 5.0997 52.0449, 5.0991 52.045, 5.099 52.0445, 5.0985 52.0445, 5.0983 52.0438, 5.0985 52.0437, 5.0981 52.0425, 5.0976 52.0426, 5.0974 52.0424, 5.0957 52.0425, 5.0957 52.0419, 5.0961 52.0415, 5.0959 52.0408, 5.0973 52.0407, 5.0969 52.0403, 5.0973 52.0402, 5.0923 52.0341, 5.0908 52.0327, 5.0903 52.0318, 5.0877 52.0286, 5.0842 52.0294, 5.0841 52.0296, 5.0816 52.0304, 5.0785 52.0311, 5.0783 52.0307, 5.0785 52.0307, 5.0783 52.0301, 5.0779 52.0302, 5.077 52.0299, 5.0766 52.0296, 5.0764 52.029, 5.0765 52.0288, 5.0762 52.0281, 5.0748 52.0284, 5.0714 52.028, 5.0686 52.028, 5.0664 52.0271, 5.066 52.0264, 5.0663 52.0264, 5.0669 52.0257, 5.067 52.0253, 5.0659 52.0238, 5.0658 52.0232, 5.0653 52.0224, 5.066 52.0207, 5.067 52.0191, 5.0643 52.0198, 5.0621 52.0207, 5.0586 52.0231, 5.0574 52.0237, 5.0571 52.0231, 5.0563 52.0225, 5.0551 52.0209, 5.0548 52.0207, 5.051 52.0214, 5.0495 52.0221, 5.0482 52.0222, 5.0469 52.0228, 5.0468 52.024, 5.0459 52.0243, 5.0436 52.0261, 5.0424 52.0268, 5.0421 52.0273, 5.042 52.0284, 5.0414 52.0294, 5.0415 52.0297, 5.0425 52.0302, 5.0409 52.0315, 5.0404 52.0323, 5.0407 52.0324, 5.0359 52.0389, 5.0355 52.0401, 5.035 52.0408, 5.034 52.0416, 5.0284 52.043, 5.0274 52.0438, 5.0231 52.0454, 5.0218 52.0462, 5.0198 52.0469, 5.0193 52.0491, 5.0177 52.0526, 5.0162 52.0542, 5.0143 52.0551, 5.0136 52.0557, 5.0144 52.0568, 5.0131 52.0571, 5.0169 52.0613, 5.0176 52.061, 5.0186 52.062, 5.0213 52.0616, 5.0209 52.061, 5.0211 52.0609, 5.0217 52.0598, 5.023 52.0596, 5.0228 52.0594, 5.0223 52.0575, 5.0238 52.0573, 5.0235 52.0558, 5.0261 52.0559, 5.0269 52.0556, 5.028 52.0598, 5.0284 52.0608, 5.0291 52.0604, 5.036 52.0597, 5.0413 52.06, 5.048 52.0589, 5.0503 52.064, 5.0521 52.0637, 5.0558 52.0634, 5.0581 52.0629, 5.0635 52.0624, 5.0672 52.0618, 5.0677 52.063, 5.0663 52.0635, 5.0653 52.0642, 5.0648 52.065, 5.0646 52.0659, 5.065 52.0668, 5.0701 52.0656, 5.077 52.0823, 5.078 52.0822, 5.0793 52.0817, 5.0804 52.0784, 5.0815 52.0767, 5.0871 52.0705, 5.0885 52.0693, 5.0886 52.069, 5.09 52.0675))",Weidehooi,Klei met zware tussenlaag of ondergrond,0.76,0.46,3.3200000000000003,1.2000000000000002,7.5,17.3,82.43,0.69,20856475,1564235,3608170,1,1,0,0,0
AFVG8,0.068,"POLYGON ((5.0762 52.0979, 5.0684 52.0986, 5.0631 52.1044, 5.0616 52.1058, 5.0595 52.1072, 5.0554 52.1091, 5.0384 52.116, 5.0411 52.1173, 5.047 52.1207, 5.047 52.121, 5.0544 52.1257, 5.0551 52.1254, 5.0575 52.124, 5.058 52.1236, 5.0579 52.1235, 5.059 52.1228, 5.062 52.1214, 5.0632 52.1207, 5.0649 52.1194, 5.066 52.1189, 5.0663 52.1189, 5.0726 52.1153, 5.0738 52.1144, 5.0753 52.1127, 5.0761 52.1113, 5.0761 52.1076, 5.0758 52.1074, 5.0757 52.1063, 5.0747 52.106, 5.0745 52.1062, 5.0744 52.1075, 5.0739 52.1085, 5.0598 52.1166, 5.0579 52.1175, 5.0576 52.1161, 5.0577 52.116, 5.059 52.1161, 5.068 52.1109, 5.0676 52.1107, 5.0642 52.1107, 5.0642 52.1102, 5.0693 52.1101, 5.0721 52.1085, 5.0717 52.1082, 5.0703 52.1082, 5.0697 52.1084, 5.0691 52.1083, 5.0663 52.1084, 5.0663 52.1078, 5.0705 52.1077, 5.0726 52.1075, 5.0729 52.1072, 5.0728 52.1059, 5.0724 52.1057, 5.0684 52.1057, 5.0681 52.1055, 5.068 52.1052, 5.0681 52.1049, 5.0683 52.1049, 5.0685 52.1052, 5.0746 52.105, 5.0755 52.1047, 5.0755 52.1017, 5.0753 52.1014, 5.0743 52.1011, 5.071 52.1013, 5.0697 52.1012, 5.0694 52.1011, 5.0693 52.1009, 5.0697 52.1003, 5.0703 52.1002, 5.0722 52.1002, 5.0725 52.1004, 5.0755 52.1003, 5.0759 52.0998, 5.0762 52.0979))",Bedrijventerrein,Klei met zware tussenlaag of ondergrond,1.77,1.55,3.8,0.3699999999999999,3.1,63.5,36.7,0.31,3401560,105448,2159990,1,1,0,0,0
AFVG13,0.084,"POLYGON ((4.8559 52.1541, 4.8573 52.1543, 4.8571 52.1548, 4.8587 52.1546, 4.8588 52.1548, 4.8601 52.1544, 4.8635 52.1542, 4.8637 52.1539, 4.8635 52.1537, 4.8631 52.1537, 4.8628 52.1535, 4.863 52.153, 4.8629 52.1529, 4.8634 52.1525, 4.8636 52.152, 4.8643 52.1513, 4.8653 52.1499, 4.8656 52.1492, 4.8664 52.1485, 4.8666 52.1479, 4.8679 52.146, 4.8685 52.1448, 4.8691 52.1441, 4.8695 52.1433, 4.8701 52.1426, 4.8705 52.1417, 4.8707 52.1416, 4.8724 52.139, 4.8712 52.1389, 4.8705 52.1384, 4.8708 52.1381, 4.8708 52.1374, 4.87 52.1351, 4.8686 52.1345, 4.8684 52.1338, 4.8677 52.1332, 4.8669 52.1332, 4.8659 52.1325, 4.8656 52.1313, 4.8646 52.1312, 4.8625 52.1316, 4.8616 52.1315, 4.8612 52.1313, 4.8605 52.1313, 4.8599 52.131, 4.86 52.1303, 4.8598 52.1303, 4.8593 52.1298, 4.8593 52.1296, 4.8596 52.1295, 4.8599 52.1291, 4.8596 52.1288, 4.8591 52.1273, 4.8585 52.1263, 4.8585 52.126, 4.8571 52.1251, 4.8576 52.1236, 4.8571 52.1231, 4.8575 52.122, 4.8555 52.1206, 4.8557 52.1195, 4.8564 52.1189, 4.8567 52.1189, 4.8574 52.1194, 4.8578 52.1194, 4.858 52.1196, 4.858 52.1201, 4.8585 52.1201, 4.8603 52.1176, 4.8604 52.1166, 4.8603 52.1163, 4.8606 52.1162, 4.8613 52.1163, 4.8619 52.1159, 4.8625 52.1148, 4.8635 52.1138, 4.8636 52.1135, 4.8635 52.1129, 4.8629 52.1124, 4.8631 52.112, 4.8633 52.1119, 4.8637 52.112, 4.8638 52.1118, 4.863 52.1114, 4.863 52.1111, 4.8632 52.111, 4.863 52.1104, 4.8647 52.1087, 4.8648 52.1082, 4.8646 52.1079, 4.866 52.1068, 4.8665 52.1062, 4.866 52.1056, 4.8667 52.1045, 4.8671 52.1042, 4.8678 52.1041, 4.8678 52.1039, 4.8681 52.1039, 4.8684 52.1033, 4.8693 52.1031, 4.8694 52.1028, 4.8687 52.1014, 4.8656 52.0975, 4.8625 52.0962, 4.8624 52.0964, 4.8619 52.0965, 4.8622 52.0961, 4.8619 52.0958, 4.8619 52.0955, 4.8618 52.0952, 4.8619 52.0952, 4.8617 52.0953, 4.8615 52.0952, 4.8592 52.0961, 4.8577 52.0969, 4.8558 52.0974, 4.8545 52.0982, 4.8522 52.0988, 4.8471 52.1016, 4.8458 52.1021, 4.8453 52.1022, 4.8451 52.1021, 4.8434 52.1027, 4.8422 52.1029, 4.8397 52.1029, 4.8393 52.1027, 4.8365 52.1029, 4.8345 52.1034, 4.8313 52.1046, 4.8319 52.089, 4.8321 52.0865, 4.8324 52.0863, 4.8325 52.086, 4.8319 52.0861, 4.8316 52.089, 4.8312 52.0995, 4.8312 52.1046, 4.8279 52.1053, 4.8251 52.1054, 4.8242 52.1053, 4.8253 52.107, 4.8254 52.1074, 4.8238 52.1079, 4.8213 52.109, 4.8174 52.1109, 4.8097 52.1143, 4.8091 52.1147, 4.8061 52.1159, 4.8055 52.1163, 4.7952 52.121, 4.794 52.1214, 4.7934 52.1219, 4.7924 52.1223, 4.7924 52.1227, 4.7926 52.1231, 4.7935 52.1237, 4.7963 52.1242, 4.7985 52.1251, 4.8002 52.1249, 4.8012 52.1246, 4.8022 52.1246, 4.8031 52.1253, 4.804 52.1265, 4.8059 52.1269, 4.8072 52.1281, 4.808 52.1285, 4.8084 52.129, 4.8079 52.13, 4.8084 52.1305, 4.8086 52.1314, 4.8088 52.1316, 4.81 52.1316, 4.8104 52.1318, 4.8107 52.1321, 4.8107 52.1323, 4.8105 52.1325, 4.8087 52.133, 4.8083 52.1334, 4.8081 52.1343, 4.8078 52.1347, 4.8078 52.1351, 4.809 52.1358, 4.8091 52.1363, 4.8088 52.137, 4.809 52.1373, 4.8107 52.1374, 4.8111 52.1376, 4.8112 52.1378, 4.8108 52.1383, 4.8109 52.1387, 4.8124 52.1394, 4.8132 52.1401, 4.8144 52.1401, 4.816 52.1393, 4.8168 52.1393, 4.8174 52.1396, 4.8177 52.1404, 4.818 52.1407, 4.8193 52.1413, 4.8203 52.1421, 4.8211 52.1421, 4.8223 52.1418, 4.823 52.1421, 4.827 52.1422, 4.8286 52.143, 4.8302 52.1432, 4.8309 52.1437, 4.8318 52.144, 4.8321 52.1444, 4.8308 52.1484, 4.8306 52.1495, 4.8317 52.15, 4.8318 52.1503, 4.8322 52.1505, 4.8408 52.151, 4.8426 52.1515, 4.8455 52.152, 4.8478 52.1527, 4.8507 52.153, 4.8559 52.1541))",Weidehooi,Veraarde bovengrond op diep veen,-2.16,-2.16,0.94,0.4100000000000001,12.5,4.8,413.45,0.94,19563236,2445404,939035,1,0,1,0,0
AFVG15,0.032,"POLYGON ((4.9757 52.1058, 4.9754 52.1047, 4.9739 52.1038, 4.9731 52.1031, 4.9728 52.1025, 4.9728 52.102, 4.9733 52.1012, 4.9757 52.0997, 4.9767 52.0986, 4.9754 52.0981, 4.9733 52.0969, 4.9726 52.0962, 4.9669 52.0964, 4.9661 52.0963, 4.9645 52.0957, 4.9632 52.0944, 4.9627 52.0933, 4.9627 52.0926, 4.963 52.0922, 4.9633 52.0921, 4.963 52.0918, 4.9626 52.0909, 4.9618 52.0906, 4.9582 52.0904, 4.9567 52.0905, 4.9547 52.0911, 4.9523 52.0921, 4.9522 52.0919, 4.9521 52.092, 4.9523 52.0922, 4.9504 52.0931, 4.9477 52.0937, 4.9463 52.0945, 4.9453 52.0954, 4.9429 52.0989, 4.9409 52.1005, 4.9418 52.1008, 4.9423 52.1008, 4.9431 52.1007, 4.9434 52.1005, 4.9441 52.1006, 4.9474 52.1002, 4.9504 52.1008, 4.9571 52.1014, 4.9652 52.1025, 4.9665 52.1027, 4.9678 52.1032, 4.9699 52.1044, 4.9712 52.1055, 4.972 52.1055, 4.9721 52.106, 4.9757 52.1058))",Woongebied,Licht klei met homogeen profiel,0.08,0.02,1.37,0.56,10.6,26.9,74.65,0.62,2009559,213013,540571,1,1,0,0,0
AFVG16,0.036,"POLYGON ((4.796 52.085, 4.7946 52.0799, 4.7946 52.0797, 4.7948 52.0796, 4.7952 52.0816, 4.7962 52.085, 4.7974 52.0846, 4.8024 52.0818, 4.8105 52.0783, 4.8072 52.0683, 4.8067 52.0673, 4.806 52.0664, 4.8055 52.0651, 4.8055 52.0647, 4.8052 52.0641, 4.805 52.064, 4.8037 52.0609, 4.8029 52.0594, 4.8009 52.0546, 4.7994 52.0516, 4.7984 52.0489, 4.8006 52.0448, 4.8009 52.0437, 4.8043 52.0369, 4.8062 52.0335, 4.8065 52.0332, 4.8081 52.0299, 4.8092 52.028, 4.8092 52.0278, 4.8052 52.027, 4.8046 52.027, 4.8042 52.0267, 4.8042 52.0265, 4.8044 52.0264, 4.8047 52.0255, 4.8049 52.0253, 4.805 52.0254, 4.8053 52.025, 4.8053 52.0244, 4.8056 52.0244, 4.8053 52.0244, 4.8056 52.0237, 4.8095 52.0168, 4.8101 52.0155, 4.81 52.0154, 4.8105 52.0146, 4.8061 52.0145, 4.8034 52.0142, 4.8004 52.0197, 4.8002 52.0203, 4.8 52.0204, 4.7999 52.0208, 4.7975 52.0248, 4.7974 52.0252, 4.7969 52.0254, 4.7931 52.025, 4.7883 52.0337, 4.787 52.0364, 4.7849 52.0393, 4.7795 52.0458, 4.7784 52.0478, 4.7859 52.0702, 4.7861 52.0712, 4.7869 52.0729, 4.7866 52.0795, 4.7864 52.0805, 4.7869 52.0813, 4.7862 52.0821, 4.786 52.0838, 4.789 52.0846, 4.7912 52.0854, 4.7916 52.0854, 4.7916 52.0845, 4.7918 52.0845, 4.7917 52.0854, 4.7939 52.0854, 4.796 52.085))",Weidehooi,Veraarde bovengrond op diep veen,-1.71,-1.94,1.85,0.6000000000000001,13.5,5.9,270.61,0.92,9475066,1279133,559028,1,0,1,0,0
AFVG18,0.048,"MULTIPOLYGON (((4.9012 52.0524, 4.9008 52.0523, 4.8985 52.054, 4.8964 52.0553, 4.895 52.0566, 4.8946 52.0578, 4.8949 52.0589, 4.8959 52.0596, 4.8962 52.0601, 4.8989 52.0607, 4.899 52.0611, 4.8985 52.0618, 4.8986 52.0629, 4.8982 52.0636, 4.9055 52.0587, 4.9055 52.0579, 4.9073 52.0545, 4.9072 52.0539, 4.9068 52.0536, 4.9012 52.0524)), ((4.8859 52.0705, 4.8861 52.0704, 4.8895 52.0734, 4.8927 52.0738, 4.8945 52.0738, 4.8959 52.0744, 4.8985 52.0743, 4.8994 52.074, 4.9009 52.0732, 4.9013 52.0728, 4.9023 52.0709, 4.9018 52.0706, 4.9018 52.0704, 4.9021 52.0704, 4.9018 52.0704, 4.9018 52.0701, 4.9031 52.0693, 4.9043 52.068, 4.9057 52.067, 4.9072 52.0663, 4.9085 52.0649, 4.9103 52.0636, 4.9118 52.0631, 4.9131 52.0623, 4.9146 52.0621, 4.9148 52.0619, 4.9146 52.0613, 4.915 52.0595, 4.9144 52.0588, 4.9139 52.0588, 4.9126 52.0591, 4.9101 52.0601, 4.9092 52.0603, 4.9081 52.0601, 4.9073 52.0597, 4.9061 52.0594, 4.9055 52.059, 4.8998 52.0629, 4.8979 52.064, 4.8978 52.0642, 4.8994 52.0658, 4.8995 52.066, 4.8993 52.0662, 4.8984 52.0668, 4.898 52.0666, 4.899 52.066, 4.8975 52.0644, 4.8958 52.0663, 4.8955 52.0663, 4.8965 52.0651, 4.8956 52.065, 4.895 52.0647, 4.8966 52.065, 4.8974 52.0642, 4.8976 52.0638, 4.8974 52.0628, 4.8976 52.0628, 4.8979 52.0636, 4.8981 52.0636, 4.8984 52.0629, 4.8983 52.0617, 4.8987 52.0611, 4.8984 52.0607, 4.8959 52.0601, 4.8958 52.0598, 4.8946 52.0589, 4.8944 52.0578, 4.8947 52.0568, 4.8949 52.0563, 4.8961 52.0552, 4.9004 52.0523, 4.8983 52.0513, 4.8964 52.0509, 4.8956 52.0505, 4.8956 52.0491, 4.8953 52.0484, 4.8752 52.0617, 4.8739 52.0604, 4.8714 52.0594, 4.8686 52.063, 4.8686 52.0632, 4.8819 52.0746, 4.8855 52.0737, 4.8893 52.0734, 4.8858 52.0706, 4.8859 52.0705)))",Weidehooi,Klei met zware tussenlaag of ondergrond,-0.76,-0.87,2.1,1.0799999999999998,6.1,4.5,110.87,0.92,4881702,297783,219676,1,1,0,0,0
AFVG22,0.04,"POLYGON ((4.8927 52.0833, 4.8988 52.076, 4.8989 52.0757, 4.8983 52.0752, 4.8983 52.0745, 4.897 52.0745, 4.8962 52.0747, 4.8955 52.0746, 4.8946 52.0741, 4.892 52.074, 4.8899 52.0736, 4.8857 52.0739, 4.8844 52.0742, 4.8841 52.0741, 4.8842 52.0742, 4.8837 52.0744, 4.8811 52.075, 4.8783 52.0762, 4.8789 52.077, 4.8791 52.0776, 4.8791 52.0785, 4.8784 52.0795, 4.8784 52.0807, 4.8771 52.0822, 4.881 52.0836, 4.8815 52.0824, 4.8819 52.0823, 4.8824 52.0823, 4.8837 52.0827, 4.8851 52.0828, 4.8859 52.0825, 4.8868 52.0824, 4.8877 52.0833, 4.8885 52.0835, 4.8903 52.0844, 4.8902 52.0848, 4.8908 52.0852, 4.8907 52.0857, 4.8927 52.0833))",Overige wegdelen,Klei met zware tussenlaag of ondergrond,-0.15,-0.22,2.45,0.92,4.3,30.0,39.69,0.33,1212670,52144,363801,1,1,0,0,0
AFVG23,0.026,"POLYGON ((4.8567 52.087, 4.8583 52.087, 4.8622 52.0862, 4.8641 52.0857, 4.8669 52.0847, 4.8664 52.0835, 4.8671 52.0847, 4.8685 52.0843, 4.8701 52.0844, 4.8716 52.0857, 4.8723 52.0861, 4.8734 52.0864, 4.8743 52.0851, 4.8748 52.0847, 4.8766 52.0824, 4.8781 52.0808, 4.878 52.0799, 4.8782 52.0799, 4.878 52.0798, 4.8788 52.0786, 4.8789 52.0781, 4.8779 52.0761, 4.8792 52.0756, 4.8757 52.0731, 4.8742 52.0724, 4.8725 52.0718, 4.8689 52.0711, 4.865 52.071, 4.8623 52.0712, 4.8617 52.0722, 4.8592 52.0714, 4.852 52.0718, 4.8479 52.0861, 4.8522 52.0861, 4.8531 52.083, 4.8533 52.083, 4.8524 52.0862, 4.854 52.0866, 4.8552 52.0828, 4.8554 52.0826, 4.8542 52.0866, 4.8555 52.087, 4.8567 52.087))",Groenvoorziening,Klei op veen,-0.75,-0.79,2.21,0.79,6.6,32.5,67.61,0.45,2952318,194852,959503,1,1,0,0,0
AFVG24,0.015,"POLYGON ((4.9838 52.1131, 4.9851 52.1115, 4.9896 52.1092, 4.9877 52.1082, 4.9878 52.108, 4.9901 52.1078, 4.9917 52.1071, 4.9928 52.1068, 4.9947 52.1053, 4.9933 52.1044, 4.9854 52.1051, 4.9854 52.1049, 4.9886 52.1047, 4.9929 52.1039, 4.9943 52.1038, 4.994 52.1036, 4.9949 52.1027, 4.9955 52.1009, 4.9957 52.1008, 4.9953 52.1007, 4.9937 52.1009, 4.9936 52.1006, 4.9957 52.1005, 4.9956 52.1001, 4.9959 52.0993, 4.9959 52.0987, 4.9945 52.0963, 4.9947 52.094, 4.9937 52.0922, 4.9935 52.0926, 4.9928 52.0925, 4.9933 52.0911, 4.9931 52.0906, 4.9915 52.0909, 4.9901 52.0909, 4.983 52.0887, 4.9791 52.0884, 4.9766 52.0884, 4.9719 52.089, 4.9699 52.0896, 4.9699 52.09, 4.9696 52.0898, 4.9653 52.092, 4.9643 52.0922, 4.963 52.0922, 4.9627 52.0926, 4.9627 52.0933, 4.9632 52.0944, 4.9642 52.0955, 4.9651 52.096, 4.9669 52.0964, 4.9726 52.0962, 4.9733 52.0969, 4.9754 52.0981, 4.9767 52.0986, 4.9757 52.0997, 4.9733 52.1012, 4.9728 52.102, 4.9728 52.1025, 4.9731 52.1031, 4.9739 52.1038, 4.9754 52.1047, 4.9758 52.1063, 4.9759 52.1079, 4.9761 52.1078, 4.976 52.1079, 4.9766 52.1083, 4.9788 52.1083, 4.9793 52.1086, 4.9797 52.1092, 4.9798 52.1097, 4.9794 52.1113, 4.9797 52.1119, 4.9805 52.1124, 4.9829 52.1133, 4.9835 52.1133, 4.9839 52.1131, 4.9838 52.1131))",Weidehooi,Klei op grof zand,0.31,0.29,1.16,0.34,5.8,7.0,82.39,0.69,3542673,205475,247987,0,1,0,0,0
AFVG26,0.043,"POLYGON ((4.9736 52.1296, 4.9731 52.1295, 4.9698 52.1228, 4.9628 52.1312, 4.9607 52.134, 4.9602 52.1342, 4.9598 52.1346, 4.9566 52.1385, 4.958 52.1388, 4.9582 52.1392, 4.9511 52.1459, 4.9405 52.1555, 4.9582 52.1595, 4.9746 52.1658, 4.9753 52.1659, 4.9825 52.1688, 4.984 52.1693, 4.9863 52.1696, 4.9873 52.1704, 4.9888 52.1709, 4.9894 52.1709, 4.9903 52.1705, 4.9918 52.1706, 4.9939 52.1711, 4.9947 52.1711, 4.9964 52.1616, 4.9973 52.1596, 4.9986 52.1577, 5.0002 52.1561, 5.0029 52.1542, 5.015 52.1474, 5.014 52.1467, 5.0103 52.145, 5.0102 52.1451, 5.0032 52.1423, 4.9863 52.1353, 4.9863 52.135, 4.9857 52.1342, 4.9857 52.1339, 4.9853 52.1332, 4.9852 52.1324, 4.9736 52.1296))",Weidehooi,Kleidek op veen,-1.18,-1.41,2.03,0.4200000000000001,13.7,7.4,105.92,0.88,12694794,1739186,939414,1,1,0,0,0
AFVG28,0.054,"MULTIPOLYGON (((4.9166 52.0252, 4.9199 52.0254, 4.9221 52.0258, 4.9243 52.0265, 4.9257 52.0275, 4.9267 52.0285, 4.9272 52.0314, 4.9294 52.0333, 4.9316 52.0347, 4.9327 52.0358, 4.9354 52.0392, 4.9363 52.04, 4.9378 52.0409, 4.9407 52.042, 4.9445 52.0445, 4.9449 52.0442, 4.9454 52.0434, 4.946 52.0433, 4.9455 52.0441, 4.9449 52.0447, 4.9482 52.0459, 4.9495 52.0467, 4.9496 52.0473, 4.9525 52.0475, 4.955 52.0428, 4.9539 52.0424, 4.9584 52.0351, 4.9585 52.0348, 4.9581 52.0345, 4.9583 52.034, 4.9591 52.0342, 4.959 52.0345, 4.9596 52.0347, 4.9603 52.0332, 4.9646 52.0342, 4.964 52.0356, 4.9645 52.0362, 4.9661 52.0365, 4.9686 52.0306, 4.9713 52.0294, 4.9814 52.0316, 4.9823 52.0298, 4.9822 52.0297, 4.9831 52.0277, 4.9833 52.0276, 4.9834 52.0277, 4.9825 52.0298, 4.9876 52.0307, 4.9878 52.0306, 4.9882 52.0295, 4.9967 52.031, 5.0003 52.0318, 4.9988 52.0349, 5.0177 52.0384, 5.0185 52.0382, 5.0183 52.038, 5.0164 52.0376, 5.0165 52.0373, 5.02 52.038, 5.0213 52.0374, 5.0187 52.0369, 5.019 52.0364, 5.0213 52.0369, 5.0216 52.0368, 5.0219 52.0364, 5.0159 52.0353, 5.0151 52.035, 5.0152 52.0346, 5.0209 52.0356, 5.0209 52.0359, 5.0213 52.036, 5.0214 52.0359, 5.0222 52.036, 5.0231 52.0348, 5.0213 52.0346, 5.0213 52.034, 5.0226 52.0341, 5.0235 52.0344, 5.0241 52.0335, 5.0232 52.0334, 5.0234 52.033, 5.0218 52.0326, 5.0224 52.0324, 5.0229 52.0327, 5.0235 52.0325, 5.0246 52.0328, 5.0255 52.0317, 5.0227 52.0311, 5.023 52.0307, 5.0258 52.0314, 5.0267 52.0303, 5.0257 52.0301, 5.026 52.0298, 5.0252 52.0296, 5.0253 52.0294, 5.0262 52.0296, 5.0272 52.0286, 5.0282 52.0288, 5.0282 52.0291, 5.0345 52.0314, 5.0369 52.0292, 5.037 52.029, 5.0365 52.0287, 5.0366 52.0285, 5.0387 52.0267, 5.0393 52.026, 5.0396 52.0253, 5.0402 52.0247, 5.0419 52.0236, 5.0377 52.0214, 5.0396 52.0202, 5.0389 52.0196, 5.0392 52.0194, 5.0394 52.0188, 5.0271 52.0158, 5.0268 52.0157, 5.0271 52.015, 5.0268 52.0149, 5.022 52.0141, 5.0216 52.0147, 5.021 52.0144, 5.0199 52.0144, 5.0198 52.0147, 5.0193 52.0146, 5.0189 52.0151, 5.0177 52.0149, 5.0178 52.0148, 5.0177 52.0147, 5.0165 52.0144, 5.0162 52.0149, 5.015 52.0147, 5.0149 52.0148, 5.0137 52.0145, 5.0141 52.014, 5.0127 52.0137, 5.0121 52.0146, 5.0116 52.0147, 5.0114 52.0143, 5.012 52.0133, 5.0102 52.0129, 5.01 52.0133, 5.0084 52.0132, 5.0081 52.0135, 5.0064 52.013, 5.0068 52.0123, 5.0062 52.0121, 5.0051 52.0121, 5.0042 52.0119, 5.0028 52.0122, 5.0009 52.012, 5.0006 52.0121, 5.0004 52.0125, 4.9994 52.0123, 4.9997 52.0119, 4.9982 52.0116, 4.9981 52.0118, 4.9963 52.0115, 4.9961 52.0118, 4.9953 52.0116, 4.9948 52.0117, 4.9943 52.0116, 4.9944 52.0113, 4.9937 52.0112, 4.9942 52.0104, 4.9938 52.0104, 4.9935 52.0109, 4.993 52.0108, 4.9924 52.0114, 4.9909 52.011, 4.9906 52.0115, 4.9895 52.0112, 4.9889 52.0112, 4.9893 52.0105, 4.9888 52.0104, 4.9885 52.0108, 4.9881 52.0107, 4.9879 52.0109, 4.9871 52.0106, 4.9868 52.0112, 4.9849 52.0109, 4.9847 52.0108, 4.9848 52.0105, 4.9828 52.01, 4.9828 52.0101, 4.9822 52.01, 4.9818 52.0107, 4.9806 52.0104, 4.9807 52.0103, 4.9801 52.0101, 4.98 52.0103, 4.9791 52.0101, 4.9787 52.0106, 4.9781 52.0104, 4.9779 52.0107, 4.9765 52.0104, 4.9766 52.0102, 4.975 52.0098, 4.9754 52.0091, 4.9749 52.0089, 4.9748 52.0091, 4.9736 52.0087, 4.9735 52.0089, 4.9728 52.0088, 4.9698 52.008, 4.9695 52.0085, 4.9688 52.0085, 4.9683 52.0084, 4.9686 52.008, 4.968 52.0079, 4.9678 52.0081, 4.9671 52.008, 4.9671 52.0078, 4.9658 52.0075, 4.9657 52.0078, 4.9649 52.0076, 4.9648 52.0078, 4.9639 52.0077, 4.964 52.0075, 4.9631 52.0073, 4.9633 52.007, 4.9625 52.0068, 4.9605 52.0065, 4.96 52.0065, 4.9598 52.0067, 4.9589 52.0065, 4.9592 52.0061, 4.9586 52.0061, 4.9583 52.0063, 4.9567 52.006, 4.9572 52.0052, 4.9546 52.0047, 4.9494 52.0132, 4.9481 52.0156, 4.9475 52.0155, 4.9465 52.0153, 4.9476 52.0135, 4.9444 52.0128, 4.9434 52.0145, 4.9429 52.0144, 4.9439 52.0126, 4.9419 52.0122, 4.9465 52.0046, 4.9452 52.0043, 4.9453 52.0042, 4.9442 52.0038, 4.9444 52.0035, 4.9441 52.0034, 4.9443 52.0031, 4.9438 52.003, 4.9435 52.0036, 4.9432 52.0036, 4.9421 52.0033, 4.9422 52.0031, 4.9413 52.0028, 4.9412 52.003, 4.9408 52.003, 4.9407 52.0032, 4.9406 52.0031, 4.9404 52.0035, 4.9373 52.0027, 4.9372 52.0029, 4.9366 52.0027, 4.9365 52.0028, 4.9344 52.0023, 4.9348 52.0016, 4.9325 52.0012, 4.9322 52.0011, 4.9323 52.0008, 4.9317 52.0007, 4.9312 52.0017, 4.9295 52.0015, 4.9296 52.0013, 4.9275 52.0008, 4.9276 52.0007, 4.9271 52.0005, 4.9267 52.0005, 4.9265 52.0007, 4.9261 52.0006, 4.9252 52.0007, 4.9248 52.0005, 4.9245 52.0009, 4.9234 52.0007, 4.923 52.0014, 4.9214 52.001, 4.9217 52.0005, 4.9214 52.0005, 4.9208 52.0014, 4.9203 52.0012, 4.9204 52.0011, 4.9189 52.0007, 4.9182 52.0007, 4.9178 52.0012, 4.9159 52.0009, 4.9157 52.0013, 4.9129 52.0005, 4.9134 51.9998, 4.9129 51.9997, 4.9131 51.9994, 4.9127 51.9994, 4.9125 51.9997, 4.911 51.9997, 4.9109 51.9996, 4.9111 51.9994, 4.911 51.9992, 4.9093 51.9988, 4.9095 51.9984, 4.909 51.9983, 4.9086 51.9989, 4.9069 51.9985, 4.9066 51.9984, 4.9069 51.998, 4.9068 51.9979, 4.9047 51.9972, 4.9045 51.9975, 4.9032 51.9972, 4.9032 51.9969, 4.9029 51.9969, 4.8975 52.0056, 4.8978 52.0061, 4.8977 52.0068, 4.8975 52.0069, 4.8921 52.0049, 4.8897 52.0072, 4.8894 52.0071, 4.8895 52.0072, 4.8843 52.012, 4.8837 52.0117, 4.8785 52.0166, 4.8778 52.0171, 4.8801 52.0178, 4.8798 52.0181, 4.8823 52.02, 4.8846 52.0224, 4.8857 52.0232, 4.8877 52.0236, 4.8918 52.0239, 4.896 52.0245, 4.8979 52.0249, 4.9013 52.0262, 4.9029 52.0264, 4.9061 52.0262, 4.9113 52.0253, 4.9166 52.0252)), ((4.8966 52.006, 4.8967 52.0058, 4.8962 52.006, 4.892 52.0043, 4.8914 52.0045, 4.8875 52.0034, 4.8815 52.0013, 4.8789 52.0007, 4.8545 51.9919, 4.8451 51.9891, 4.8407 51.9877, 4.8381 51.9867, 4.8354 51.9861, 4.8356 51.9863, 4.8375 51.9869, 4.8381 51.9869, 4.8404 51.9878, 4.8534 51.9917, 4.8668 51.9964, 4.8786 52.0008, 4.8827 52.0019, 4.8878 52.0037, 4.8886 52.0038, 4.8916 52.0048, 4.8924 52.0047, 4.8961 52.0061, 4.8966 52.006)))",Weidehooi,Klei op veen,-0.98,-1.26,2.37,0.72,7.8,6.8,109.74,0.91,28837147,2249297,1960926,1,1,0,0,0
AFVG29,0.049,"POLYGON ((4.9608 52.0534, 4.9599 52.0537, 4.9565 52.0538, 4.9544 52.0533, 4.9536 52.0528, 4.9535 52.0531, 4.9523 52.0588, 4.9511 52.0635, 4.9568 52.0655, 4.9563 52.0704, 4.9504 52.0732, 4.9458 52.0756, 4.9415 52.0771, 4.9387 52.0783, 4.9387 52.0785, 4.9369 52.0794, 4.9353 52.0807, 4.9335 52.0831, 4.934 52.0832, 4.9351 52.084, 4.9356 52.084, 4.9403 52.0812, 4.941 52.0809, 4.9428 52.0809, 4.9446 52.0824, 4.9529 52.0884, 4.9545 52.09, 4.9548 52.0897, 4.9562 52.0895, 4.9573 52.0897, 4.9574 52.0899, 4.9585 52.0902, 4.9616 52.0903, 4.963 52.0909, 4.9635 52.092, 4.9639 52.092, 4.965 52.0918, 4.9665 52.0909, 4.9703 52.0892, 4.9717 52.0888, 4.9717 52.0883, 4.9723 52.0883, 4.9723 52.0887, 4.9786 52.0881, 4.9828 52.0884, 4.9865 52.0894, 4.9896 52.0905, 4.991 52.0907, 5.0352 52.0831, 5.0435 52.0815, 5.0493 52.0819, 5.0523 52.0819, 5.056 52.0823, 5.077 52.0823, 5.0701 52.0656, 5.065 52.0668, 5.0646 52.0659, 5.0648 52.065, 5.0653 52.0642, 5.0663 52.0635, 5.0677 52.063, 5.0672 52.0618, 5.0635 52.0624, 5.0581 52.0629, 5.0558 52.0634, 5.0521 52.0637, 5.0503 52.064, 5.048 52.0589, 5.0413 52.06, 5.036 52.0597, 5.0291 52.0604, 5.0284 52.0608, 5.028 52.0598, 5.0269 52.0556, 5.0261 52.0559, 5.0235 52.0558, 5.0238 52.0573, 5.0223 52.0575, 5.0228 52.0594, 5.023 52.0596, 5.0217 52.0598, 5.0211 52.0609, 5.0209 52.061, 5.0213 52.0616, 5.0186 52.062, 5.0176 52.061, 5.0169 52.0613, 5.0125 52.0565, 5.0116 52.0562, 5.0096 52.0563, 5.0063 52.0562, 5.0043 52.0559, 5.0034 52.0554, 5.0017 52.055, 4.999 52.0547, 4.9919 52.0547, 4.9904 52.0548, 4.9901 52.057, 4.9882 52.0567, 4.9867 52.0567, 4.9858 52.057, 4.9836 52.057, 4.9808 52.0573, 4.9796 52.0571, 4.9791 52.0568, 4.9786 52.0567, 4.9785 52.0568, 4.9754 52.0559, 4.9755 52.0567, 4.975 52.0568, 4.9747 52.0564, 4.9749 52.056, 4.9753 52.0558, 4.9756 52.0551, 4.9736 52.0539, 4.9711 52.0529, 4.9689 52.0523, 4.9666 52.0522, 4.9646 52.0524, 4.9619 52.0531, 4.9618 52.0533, 4.9616 52.0532, 4.961 52.0535, 4.9608 52.0534))",Weidehooi,Klei op veen,-0.45,-0.86,2.92,1.36,7.1,12.4,97.6,0.81,26762473,1900135,3318546,1,1,0,0,0
AFVG30,0.073,"POLYGON ((5.1289 52.0611, 5.1285 52.0598, 5.1286 52.0596, 5.1279 52.0587, 5.1268 52.0561, 5.1251 52.0567, 5.1238 52.0576, 5.1236 52.058, 5.1241 52.0593, 5.1233 52.0593, 5.1225 52.058, 5.1206 52.0575, 5.1113 52.0592, 5.1117 52.0595, 5.1122 52.0594, 5.1123 52.0595, 5.1117 52.0597, 5.1126 52.0612, 5.115 52.0606, 5.1151 52.0607, 5.1152 52.0609, 5.1127 52.0615, 5.119 52.0724, 5.1194 52.0724, 5.1194 52.0727, 5.1192 52.0728, 5.1225 52.0786, 5.1274 52.0769, 5.136 52.0727, 5.1319 52.0708, 5.1297 52.069, 5.1309 52.0676, 5.1313 52.0675, 5.1315 52.0671, 5.1289 52.0611))",Overige wegdelen,Klei met zware tussenlaag of ondergrond,1.97,1.78,2.65,0.5199999999999998,3.1,33.9,43.36,0.36,2138253,66285,724868,1,1,0,0,0
AFVG31,0.076,"POLYGON ((5.1099 52.0573, 5.1087 52.0554, 5.1069 52.052, 5.1059 52.0517, 5.1054 52.0519, 5.101 52.0581, 5.0972 52.0624, 5.0928 52.0669, 5.0937 52.0673, 5.0928 52.067, 5.092 52.0677, 5.0839 52.0766, 5.0896 52.0785, 5.0905 52.0786, 5.095 52.0802, 5.0961 52.0809, 5.0975 52.0834, 5.0994 52.0845, 5.103 52.0825, 5.1049 52.0817, 5.1073 52.0798, 5.108 52.079, 5.1089 52.0776, 5.1095 52.0762, 5.1118 52.0674, 5.1126 52.0635, 5.1122 52.0615, 5.1099 52.0573))",Overige wegdelen,Klei met zware tussenlaag of ondergrond,1.97,1.84,1.94,0.3400000000000001,1.9,38.7,39.8,0.33,3629371,68958,1404566,1,1,0,0,0
AFVG33,0.056,"POLYGON ((5.0411 52.1173, 5.0384 52.116, 5.0319 52.1186, 5.0284 52.1204, 5.0245 52.1227, 5.0138 52.1293, 5.0122 52.1307, 5.0111 52.1319, 5.004 52.1423, 5.012 52.1455, 5.0143 52.1465, 5.0153 52.1472, 5.0394 52.1333, 5.0499 52.129, 5.0535 52.127, 5.0545 52.1258, 5.047 52.121, 5.047 52.1207, 5.0411 52.1173))",Overige wegdelen,Klei op veen,-0.01,-0.32,2.71,0.72,9.0,41.3,55.5,0.41,5392515,485326,2227108,1,1,0,0,0
AFVG34,0.091,"POLYGON ((5.0962 52.0113, 5.0942 52.01, 5.0932 52.0084, 5.0929 52.0084, 5.0932 52.0083, 5.092 52.0058, 5.0914 52.0039, 5.0879 52.0037, 5.0849 52.0033, 5.08 52.0022, 5.0788 52.0021, 5.0787 52.0019, 5.0779 52.0017, 5.077 52.0034, 5.0756 52.0039, 5.0744 52.006, 5.0743 52.0065, 5.0737 52.0072, 5.0735 52.0078, 5.0747 52.0078, 5.0755 52.008, 5.0773 52.0089, 5.0804 52.0114, 5.0809 52.0107, 5.0819 52.0105, 5.0844 52.0106, 5.0873 52.0113, 5.0875 52.0114, 5.0875 52.0116, 5.0888 52.0117, 5.0892 52.0128, 5.0884 52.0158, 5.0883 52.0173, 5.0918 52.0247, 5.0858 52.026, 5.0869 52.0271, 5.0876 52.0282, 5.0895 52.0304, 5.0908 52.0325, 5.0912 52.0323, 5.093 52.0301, 5.0961 52.0278, 5.0983 52.0265, 5.099 52.0255, 5.099 52.0245, 5.0978 52.0217, 5.0978 52.0132, 5.0974 52.0124, 5.0962 52.0113))",Woongebied,Klei met zware tussenlaag of ondergrond,1.26,1.17,3.44,0.74,5.2,37.3,43.49,0.36,2285550,118848,852510,1,1,0,0,0
AFVG36,0.073,"POLYGON ((5.0816 52.0304, 5.0841 52.0296, 5.0842 52.0294, 5.0877 52.0286, 5.0857 52.026, 5.0851 52.0256, 5.0824 52.0229, 5.0822 52.0231, 5.0819 52.0231, 5.0815 52.0227, 5.082 52.0224, 5.0806 52.0208, 5.0755 52.0158, 5.0747 52.0158, 5.0723 52.017, 5.0722 52.0173, 5.072 52.0172, 5.0687 52.0184, 5.0673 52.0186, 5.066 52.0207, 5.0653 52.0224, 5.0658 52.0232, 5.0659 52.0238, 5.067 52.0253, 5.0669 52.0257, 5.0663 52.0264, 5.066 52.0264, 5.0664 52.0271, 5.0686 52.028, 5.0714 52.028, 5.0748 52.0284, 5.0762 52.0281, 5.0765 52.0288, 5.0764 52.029, 5.0766 52.0296, 5.077 52.0299, 5.0779 52.0302, 5.0783 52.0301, 5.0785 52.0305, 5.0785 52.0307, 5.0783 52.0307, 5.0785 52.0311, 5.0816 52.0304))",Woongebied,Klei met zware tussenlaag of ondergrond,1.11,1.05,2.96,0.66,4.8,38.9,39.99,0.33,1461814,70167,568645,1,1,0,0,0
AFVG37,0.091,"POLYGON ((4.9092 52.1617, 4.9105 52.1599, 4.9108 52.1587, 4.9111 52.151, 4.9113 52.1501, 4.9114 52.1447, 4.9118 52.1388, 4.9067 52.1387, 4.9028 52.1384, 4.8934 52.1382, 4.8933 52.1402, 4.8916 52.1399, 4.8857 52.1398, 4.8857 52.1391, 4.873 52.1389, 4.8667 52.1487, 4.8631 52.1534, 4.8637 52.1537, 4.8639 52.1536, 4.8648 52.1537, 4.8665 52.1541, 4.8858 52.1595, 4.8917 52.1614, 4.8914 52.162, 4.8917 52.1618, 4.8948 52.1618, 4.9039 52.1621, 4.9071 52.1615, 4.9084 52.1615, 4.9092 52.1617))",Weidehooi,Veraarde bovengrond op diep veen,-1.85,-1.85,0.6100000000000001,0.2299999999999999,13.2,4.1,437.46,0.95,6807323,898566,279100,1,0,1,0,0
AFVG39,0.107,"MULTIPOLYGON (((5.1612 52.0093, 5.156 52.0064, 5.1549 52.0072, 5.1541 52.0067, 5.1524 52.0065, 5.1467 52.009, 5.1522 52.0122, 5.1577 52.0108, 5.1601 52.0104, 5.16 52.0101, 5.1612 52.0093)), ((5.1407 52.018, 5.1478 52.0139, 5.1519 52.0123, 5.1464 52.0091, 5.139 52.0122, 5.1311 52.0149, 5.1296 52.0156, 5.1243 52.0173, 5.124 52.0171, 5.1253 52.0166, 5.1253 52.0163, 5.1221 52.0071, 5.1226 52.0067, 5.1225 52.0064, 5.1226 52.0063, 5.1215 52.0032, 5.1204 52.0034, 5.1198 52.0038, 5.1176 52.0044, 5.1169 52.0044, 5.1165 52.0041, 5.1149 52.0044, 5.1143 52.0048, 5.1112 52.0052, 5.1076 52.0054, 5.107 52.0058, 5.107 52.0061, 5.1094 52.0109, 5.1094 52.0113, 5.1099 52.0119, 5.1099 52.013, 5.111 52.0158, 5.114 52.0214, 5.1148 52.0236, 5.1155 52.0266, 5.1153 52.0297, 5.1142 52.0329, 5.1137 52.0339, 5.1138 52.0344, 5.1149 52.0334, 5.1167 52.0329, 5.1219 52.0296, 5.1292 52.0253, 5.1407 52.018)))",Weidehooi,Klei op veen,0.98,0.54,5.11,0.7100000000000001,7.5,5.1,104.56,0.87,4271716,320378,217857,1,1,0,0,0
AFVG41,0.097,"POLYGON ((5.1075 52.0438, 5.1113 52.0355, 5.1121 52.0341, 5.1137 52.0301, 5.114 52.0285, 5.114 52.0262, 5.1137 52.0248, 5.1132 52.0233, 5.1126 52.022, 5.1123 52.0221, 5.1126 52.022, 5.1103 52.0173, 5.1098 52.0154, 5.1094 52.0154, 5.1085 52.0135, 5.1081 52.0131, 5.1072 52.0126, 5.1068 52.012, 5.1049 52.0078, 5.1038 52.006, 5.1034 52.0056, 5.1028 52.0054, 5.1015 52.0053, 5.0984 52.0042, 5.098 52.0039, 5.0968 52.0038, 5.0966 52.0049, 5.096 52.0055, 5.0971 52.0086, 5.0986 52.0085, 5.0988 52.0086, 5.0973 52.0089, 5.0982 52.0116, 5.0997 52.0117, 5.0996 52.0115, 5.0999 52.0115, 5.1 52.0119, 5.0995 52.0118, 5.0995 52.012, 5.0982 52.0119, 5.0982 52.0125, 5.0985 52.0125, 5.0986 52.0133, 5.0984 52.0134, 5.0985 52.0211, 5.0987 52.0222, 5.0997 52.0247, 5.1 52.0262, 5.1039 52.0247, 5.1038 52.0245, 5.1042 52.0241, 5.1043 52.0241, 5.1039 52.0245, 5.104 52.0247, 5.1062 52.0238, 5.1063 52.024, 5.1041 52.0248, 5.1044 52.0254, 5.104 52.0248, 5.0994 52.0266, 5.0984 52.0273, 5.0983 52.0272, 5.0977 52.0275, 5.1012 52.0291, 5.1006 52.0294, 5.0969 52.0303, 5.0974 52.0317, 5.0976 52.0318, 5.0994 52.0313, 5.0992 52.0307, 5.1024 52.0302, 5.104 52.0354, 5.1003 52.0359, 5.0987 52.0365, 5.0991 52.0393, 5.1013 52.0397, 5.102 52.04, 5.102 52.0407, 5.1008 52.041, 5.0991 52.0419, 5.101 52.0431, 5.1039 52.0464, 5.1051 52.0476, 5.1055 52.0477, 5.1058 52.0475, 5.1075 52.0438))",Groenvoorziening,Klei met zware tussenlaag of ondergrond,1.94,1.66,3.76,1.0799999999999998,7.5,24.3,64.16,0.5,3304545,247840,803004,1,1,0,0,0
AFVG42,0.084,"POLYGON ((5.0912 52.0233, 5.0883 52.0173, 5.0884 52.0158, 5.0892 52.0128, 5.0888 52.0117, 5.0875 52.0116, 5.0875 52.0114, 5.0873 52.0113, 5.0844 52.0106, 5.0819 52.0105, 5.0809 52.0107, 5.0777 52.0145, 5.0763 52.0154, 5.0768 52.016, 5.0774 52.0164, 5.077 52.0168, 5.0792 52.0189, 5.0801 52.0201, 5.0821 52.0221, 5.0826 52.0229, 5.0834 52.0225, 5.0865 52.022, 5.0863 52.0214, 5.0892 52.021, 5.0891 52.0215, 5.0888 52.0219, 5.089 52.0224, 5.0887 52.0225, 5.0876 52.0227, 5.0874 52.0224, 5.0868 52.0222, 5.0835 52.0227, 5.0829 52.0231, 5.0858 52.026, 5.0918 52.0247, 5.0912 52.0233))",Groenvoorziening,Klei op grof zand,0.76,0.75,1.61,0.63,12.0,0.9,103.72,0.86,1027603,123312,9248,0,1,0,0,0
AFVG44,0.034,"POLYGON ((4.9408 52.0953, 4.9431 52.0968, 4.944 52.0953, 4.9457 52.0939, 4.9472 52.0932, 4.9512 52.0922, 4.9529 52.0909, 4.9545 52.09, 4.9529 52.0884, 4.9446 52.0824, 4.9431 52.0811, 4.9428 52.0809, 4.941 52.0809, 4.9356 52.084, 4.9351 52.084, 4.934 52.0832, 4.9335 52.0831, 4.9295 52.0865, 4.9268 52.0898, 4.9244 52.0892, 4.9242 52.0894, 4.9246 52.0896, 4.9241 52.0905, 4.9235 52.0909, 4.9233 52.0913, 4.9227 52.0918, 4.9216 52.0919, 4.9207 52.0916, 4.9181 52.0917, 4.9169 52.0914, 4.9159 52.0907, 4.9149 52.0904, 4.9138 52.0919, 4.9058 52.0892, 4.9022 52.0934, 4.9022 52.0938, 4.9035 52.0942, 4.9046 52.0949, 4.9043 52.0951, 4.9047 52.0949, 4.9065 52.0962, 4.9081 52.0971, 4.9132 52.0969, 4.9155 52.0942, 4.9158 52.0943, 4.9135 52.097, 4.9147 52.0974, 4.9157 52.098, 4.9169 52.0999, 4.9181 52.1013, 4.9189 52.1019, 4.92 52.1024, 4.9231 52.1027, 4.9255 52.1038, 4.9255 52.104, 4.9258 52.1042, 4.9279 52.1049, 4.9303 52.1052, 4.932 52.1048, 4.9355 52.1044, 4.9368 52.104, 4.9385 52.1027, 4.9393 52.101, 4.9399 52.1003, 4.941 52.0997, 4.9422 52.0986, 4.943 52.097, 4.9407 52.0954, 4.9408 52.0953))",Weidehooi,Klei op veen,-0.91,-1.16,2.0,1.12,7.5,7.4,105.92,0.88,4544031,340802,336258,1,1,0,0,0
AFVG45,0.039,"POLYGON ((4.9047 52.0904, 4.9058 52.0892, 4.9138 52.0919, 4.9149 52.0904, 4.9148 52.0902, 4.9103 52.0887, 4.9118 52.0874, 4.9112 52.0872, 4.9141 52.0848, 4.9106 52.0834, 4.9108 52.0827, 4.9101 52.0822, 4.9108 52.0816, 4.9099 52.0808, 4.9133 52.0785, 4.9142 52.0774, 4.914 52.0767, 4.9045 52.0733, 4.9016 52.0767, 4.8996 52.0756, 4.8908 52.086, 4.8914 52.0864, 4.8915 52.087, 4.8932 52.0877, 4.895 52.0888, 4.8955 52.0898, 4.8956 52.0906, 4.8961 52.0913, 4.9004 52.0937, 4.9022 52.0938, 4.9022 52.0934, 4.9047 52.0904))",Overige wegdelen,Klei op veen,-0.66,-0.87,2.1500000000000004,0.8200000000000001,6.0,36.0,38.22,0.32,2173881,130432,782597,1,1,0,0,0
AFVG46,0.138,"POLYGON ((4.8665 52.1541, 4.8648 52.1537, 4.8639 52.1536, 4.8637 52.1537, 4.8658 52.1546, 4.8663 52.1564, 4.8662 52.157, 4.8665 52.1574, 4.8809 52.1613, 4.8817 52.1616, 4.8854 52.1639, 4.8863 52.1642, 4.8866 52.1642, 4.891 52.1623, 4.8914 52.162, 4.8917 52.1614, 4.8858 52.1595, 4.8665 52.1541))",Weidehooi,Veraarde bovengrond op diep veen,-0.73,-1.61,6.1,1.62,8.1,17.3,365.86,0.76,631725,51169,109288,1,0,1,0,0
AFVG47,0.035,"POLYGON ((4.8406 52.0779, 4.8372 52.0815, 4.8378 52.0826, 4.838 52.0851, 4.8388 52.0857, 4.8421 52.086, 4.8423 52.0859, 4.8435 52.0818, 4.8437 52.0816, 4.8425 52.0859, 4.8432 52.0859, 4.8442 52.0823, 4.8444 52.0824, 4.8443 52.0829, 4.8434 52.0859, 4.8444 52.0858, 4.8467 52.0859, 4.8476 52.0828, 4.8485 52.0829, 4.8478 52.083, 4.847 52.086, 4.8479 52.0861, 4.852 52.0718, 4.8592 52.0714, 4.8617 52.0722, 4.8623 52.0712, 4.865 52.071, 4.8689 52.0711, 4.8725 52.0718, 4.8742 52.0724, 4.8757 52.0731, 4.8792 52.0756, 4.8683 52.0634, 4.8673 52.0628, 4.8629 52.0616, 4.8587 52.0602, 4.8565 52.0592, 4.8539 52.0587, 4.848 52.0582, 4.8448 52.0569, 4.8435 52.0561, 4.837 52.0529, 4.8294 52.0494, 4.8251 52.0548, 4.8233 52.0575, 4.8203 52.0615, 4.8206 52.0629, 4.8222 52.0652, 4.8224 52.0661, 4.8222 52.0669, 4.8239 52.0674, 4.8243 52.0678, 4.8246 52.0694, 4.8259 52.0738, 4.8264 52.0793, 4.8266 52.0795, 4.8266 52.0792, 4.8285 52.078, 4.8293 52.0777, 4.8305 52.0776, 4.8304 52.0755, 4.8306 52.0755, 4.8307 52.0776, 4.8325 52.0778, 4.8341 52.0785, 4.8359 52.0799, 4.8371 52.0813, 4.8405 52.0778, 4.8406 52.0779))",Weidehooi,Klei op veen,-1.31,-1.67,2.36,0.56,9.1,5.7,215.67,0.88,7401198,673509,421868,1,1,0,0,0
AFVG48,0.054,"POLYGON ((4.8588 52.0304, 4.8607 52.0279, 4.8592 52.0275, 4.8619 52.024, 4.8638 52.0246, 4.8659 52.0245, 4.8676 52.024, 4.868 52.0236, 4.868 52.0233, 4.8665 52.0238, 4.8641 52.0239, 4.8621 52.0237, 4.862 52.024, 4.8616 52.0237, 4.8609 52.0236, 4.8587 52.0228, 4.8561 52.0213, 4.8533 52.0205, 4.8518 52.0202, 4.8477 52.0204, 4.8465 52.0203, 4.8448 52.0199, 4.8425 52.0189, 4.8402 52.0175, 4.8393 52.0172, 4.8342 52.0173, 4.8313 52.0171, 4.8269 52.0171, 4.8228 52.0178, 4.8201 52.0178, 4.8163 52.0167, 4.8134 52.0147, 4.8121 52.0145, 4.8109 52.0146, 4.8099 52.0168, 4.8066 52.0229, 4.8061 52.0242, 4.8061 52.0249, 4.8059 52.0252, 4.8056 52.0251, 4.8048 52.0266, 4.8108 52.0279, 4.8116 52.0278, 4.8136 52.0285, 4.8171 52.029, 4.8248 52.0284, 4.856 52.0343, 4.8588 52.0304))",Weidehooi,Kleidek op veen,-1.61,-1.65,1.11,0.25,11.0,5.5,148.59,0.94,4940465,543451,271725,1,1,0,0,0
AFVG50,0.086,"MULTIPOLYGON (((5.1678 52, 5.1646 51.9975, 5.1626 51.9987, 5.1631 51.9991, 5.1617 51.9996, 5.162 52.002, 5.1623 52.0022, 5.1626 52.0021, 5.1678 52)), ((5.1856 52.0051, 5.1872 52.002, 5.1783 51.9969, 5.1788 51.9979, 5.1788 51.9986, 5.178 52.0004, 5.1787 52.0028, 5.1715 51.9986, 5.1681 52, 5.168 52.0002, 5.155 52.0055, 5.1625 52.0096, 5.1606 52.0101, 5.1607 52.0103, 5.1856 52.0051)))",Weidehooi,Klei met zware tussenlaag of ondergrond,0.76,0.71,1.59,0.79,2.6,2.6,112.25,0.94,1663185,43242,43242,1,1,0,0,0
AFVG54,0.023,"POLYGON ((4.9235 52.1038, 4.9216 52.1033, 4.9192 52.1071, 4.9132 52.1143, 4.9126 52.1154, 4.9126 52.1166, 4.9133 52.1168, 4.9138 52.1166, 4.915 52.1169, 4.9193 52.1183, 4.9431 52.1273, 4.9463 52.1282, 4.9605 52.1332, 4.96 52.1339, 4.9606 52.1341, 4.9628 52.1312, 4.9698 52.1228, 4.9724 52.1199, 4.9779 52.113, 4.9782 52.1127, 4.9785 52.1131, 4.9801 52.1123, 4.9796 52.1118, 4.9794 52.1113, 4.9798 52.1097, 4.9797 52.1092, 4.9793 52.1086, 4.9788 52.1083, 4.9766 52.1083, 4.976 52.1079, 4.9761 52.1078, 4.9759 52.1079, 4.9757 52.1058, 4.9721 52.106, 4.972 52.1055, 4.9712 52.1055, 4.9699 52.1044, 4.9678 52.1032, 4.9665 52.1027, 4.9652 52.1025, 4.9571 52.1014, 4.9504 52.1008, 4.9474 52.1002, 4.9441 52.1006, 4.9434 52.1005, 4.9431 52.1007, 4.9423 52.1008, 4.9418 52.1008, 4.9409 52.1005, 4.939 52.1034, 4.9398 52.1041, 4.9397 52.1042, 4.9398 52.1041, 4.9403 52.1045, 4.9401 52.1046, 4.94 52.1053, 4.9402 52.1066, 4.9385 52.1087, 4.9381 52.1086, 4.9398 52.1065, 4.9398 52.1062, 4.9397 52.1059, 4.9381 52.1062, 4.9373 52.1055, 4.9386 52.1052, 4.9386 52.1048, 4.9379 52.1042, 4.9365 52.1049, 4.9325 52.1053, 4.9346 52.106, 4.9347 52.1062, 4.9325 52.1067, 4.9321 52.1054, 4.9299 52.1057, 4.9284 52.1057, 4.9249 52.1045, 4.9238 52.1038, 4.9238 52.1039, 4.9235 52.1038))",Weidehooi,Klei op veen,-1.14,-1.3,1.71,0.4499999999999999,7.7,3.8,113.86,0.95,10111214,778563,384226,1,1,0,0,0
AFVG55,0.073,"POLYGON ((5.2617 52.0554, 5.2629 52.0547, 5.2642 52.0555, 5.2673 52.0536, 5.2615 52.0503, 5.2674 52.0462, 5.2575 52.0408, 5.2524 52.0451, 5.2477 52.0478, 5.2447 52.0517, 5.2453 52.0539, 5.2446 52.055, 5.245 52.0561, 5.2471 52.0578, 5.2468 52.0585, 5.2485 52.0596, 5.2496 52.0601, 5.2523 52.0622, 5.2553 52.0629, 5.2564 52.063, 5.2572 52.0651, 5.2576 52.0657, 5.2647 52.0698, 5.2652 52.07, 5.2663 52.0694, 5.2694 52.0676, 5.2739 52.0646, 5.2672 52.0608, 5.2607 52.056, 5.2617 52.0554))",Bos/Natuur,Klei op fijn zand,3.31,3.03,3.42,1.4899999999999998,3.7,8.3,179.64,0.8,3161155,116962,262375,0,1,0,0,1
AFVG56,0.067,"POLYGON ((4.7974 52.12, 4.8213 52.109, 4.8238 52.1079, 4.8254 52.1074, 4.8253 52.107, 4.8242 52.1053, 4.8251 52.1054, 4.8279 52.1053, 4.8312 52.1046, 4.8312 52.0995, 4.8316 52.089, 4.8319 52.0858, 4.8331 52.0842, 4.8363 52.082, 4.8346 52.0801, 4.8335 52.0793, 4.8325 52.0788, 4.8308 52.0785, 4.8296 52.0787, 4.8274 52.0798, 4.8258 52.0802, 4.8236 52.08, 4.8237 52.0798, 4.8235 52.0799, 4.8196 52.0789, 4.818 52.0787, 4.8128 52.0788, 4.8107 52.0792, 4.8035 52.0821, 4.8003 52.0839, 4.7977 52.0856, 4.7956 52.0864, 4.7938 52.0865, 4.7936 52.0896, 4.7933 52.0895, 4.7935 52.0864, 4.7924 52.0864, 4.7869 52.0849, 4.7864 52.0876, 4.7861 52.0876, 4.786 52.088, 4.7854 52.0918, 4.7856 52.1021, 4.7815 52.101, 4.7765 52.0967, 4.7738 52.0978, 4.7732 52.0962, 4.7668 52.0976, 4.7665 52.098, 4.7668 52.0984, 4.7668 52.0986, 4.7666 52.0987, 4.7667 52.0988, 4.7663 52.0989, 4.7655 52.0988, 4.7647 52.099, 4.7638 52.099, 4.7633 52.0988, 4.7628 52.099, 4.7623 52.0995, 4.7623 52.0998, 4.7618 52.1001, 4.7615 52.1001, 4.761 52.0998, 4.7608 52.1, 4.761 52.1006, 4.7606 52.1008, 4.7597 52.1003, 4.7591 52.1007, 4.759 52.1009, 4.7593 52.102, 4.7537 52.1024, 4.7538 52.1037, 4.7549 52.1052, 4.7549 52.1055, 4.7544 52.1065, 4.7549 52.1074, 4.7549 52.1077, 4.7542 52.1085, 4.7548 52.1088, 4.756 52.109, 4.7593 52.1101, 4.7598 52.1105, 4.761 52.1124, 4.7624 52.1136, 4.763 52.1136, 4.7658 52.113, 4.7689 52.1131, 4.7695 52.1133, 4.7698 52.1144, 4.7705 52.1151, 4.7739 52.1146, 4.7753 52.1147, 4.7761 52.1156, 4.7768 52.1159, 4.7782 52.1157, 4.7789 52.1158, 4.7792 52.1163, 4.7793 52.1173, 4.7796 52.1177, 4.7803 52.1178, 4.7829 52.1173, 4.7838 52.1173, 4.7842 52.1175, 4.7845 52.1179, 4.7844 52.1182, 4.7835 52.119, 4.7831 52.1197, 4.7832 52.1202, 4.7835 52.1204, 4.7848 52.1206, 4.7879 52.1198, 4.7893 52.1198, 4.7898 52.12, 4.7909 52.1201, 4.7919 52.1204, 4.7921 52.1206, 4.7923 52.121, 4.7924 52.1223, 4.7934 52.1219, 4.794 52.1214, 4.7974 52.12))",Weidehooi,Veraarde bovengrond op diep veen,-2.0,-2.12,1.97,0.49,8.8,4.0,235.25,0.96,14997162,1319750,599886,1,0,1,0,0
AFVG57,0.068,"POLYGON ((4.7545 52.1067, 4.7545 52.1061, 4.7549 52.1055, 4.7549 52.1052, 4.7538 52.1037, 4.7537 52.1024, 4.7593 52.102, 4.759 52.1009, 4.7591 52.1007, 4.7597 52.1003, 4.7606 52.1008, 4.761 52.1006, 4.7608 52.1002, 4.761 52.0998, 4.7615 52.1001, 4.7618 52.1001, 4.7623 52.0998, 4.7623 52.0995, 4.7628 52.099, 4.7633 52.0988, 4.7638 52.099, 4.7667 52.0988, 4.7666 52.0987, 4.7668 52.0986, 4.7668 52.0984, 4.7665 52.098, 4.7668 52.0976, 4.7732 52.0962, 4.7738 52.0978, 4.7765 52.0967, 4.7815 52.101, 4.7856 52.1021, 4.7854 52.0918, 4.7866 52.0849, 4.7826 52.0838, 4.776 52.0825, 4.776 52.0827, 4.7757 52.0827, 4.7757 52.0824, 4.7717 52.0817, 4.7672 52.0812, 4.7635 52.0812, 4.761 52.0816, 4.7575 52.0826, 4.7557 52.0834, 4.7545 52.0837, 4.7557 52.0851, 4.755 52.0852, 4.7564 52.0869, 4.7563 52.087, 4.7561 52.087, 4.7537 52.0839, 4.7521 52.0844, 4.7479 52.0852, 4.7478 52.0847, 4.7475 52.0847, 4.747 52.0848, 4.7471 52.0849, 4.7447 52.0852, 4.7433 52.0856, 4.7417 52.0864, 4.7407 52.0875, 4.7397 52.0891, 4.7393 52.0901, 4.7387 52.0927, 4.7386 52.0954, 4.7383 52.0976, 4.7378 52.0989, 4.7373 52.0997, 4.7363 52.1009, 4.7329 52.1042, 4.7296 52.1067, 4.7298 52.1069, 4.7312 52.1073, 4.7315 52.1069, 4.7343 52.1072, 4.7371 52.1072, 4.7385 52.1066, 4.7398 52.1066, 4.7507 52.1081, 4.7538 52.1087, 4.7542 52.1085, 4.7549 52.1077, 4.7549 52.1074, 4.7545 52.1067))",Weidehooi,Klei op veen,-1.55,-1.77,2.25,0.51,7.3,8.7,107.86,0.88,6955852,507777,605159,1,1,0,0,0
AFVG58,0.062,"POLYGON ((5.1929 52.0514, 5.194 52.0511, 5.1946 52.0513, 5.1948 52.0509, 5.1953 52.0506, 5.1961 52.0495, 5.1996 52.0466, 5.2043 52.0494, 5.2086 52.046, 5.2107 52.0466, 5.2191 52.0458, 5.2196 52.0451, 5.2056 52.0408, 5.2019 52.0399, 5.1998 52.0389, 5.1985 52.0385, 5.1959 52.037, 5.1951 52.0362, 5.1975 52.0344, 5.1982 52.0346, 5.1992 52.0352, 5.2018 52.0361, 5.2103 52.0382, 5.212 52.037, 5.2071 52.0358, 5.2085 52.0334, 5.2088 52.0332, 5.2099 52.033, 5.2107 52.0312, 5.2112 52.0306, 5.2083 52.0293, 5.214 52.0218, 5.213 52.0213, 5.2137 52.0206, 5.22 52.0234, 5.2274 52.0264, 5.2284 52.0273, 5.2286 52.0273, 5.2292 52.0268, 5.2345 52.0253, 5.2381 52.0234, 5.2315 52.0207, 5.2331 52.0194, 5.2212 52.0145, 5.2239 52.0139, 5.2289 52.011, 5.2294 52.0113, 5.2314 52.0098, 5.2321 52.0091, 5.2416 52.0133, 5.2443 52.0143, 5.2442 52.0125, 5.2461 52.0104, 5.2426 52.0089, 5.2483 52.0042, 5.2496 52.0018, 5.2505 51.9996, 5.2516 52, 5.2551 52.0004, 5.2566 52.0009, 5.2586 52.0008, 5.2612 52.0013, 5.2619 52.0013, 5.2641 52.0021, 5.2652 52.0003, 5.2665 51.9993, 5.267 51.9991, 5.2662 51.9988, 5.2649 51.9975, 5.2622 51.9926, 5.2614 51.9917, 5.2603 51.9908, 5.2598 51.9897, 5.2599 51.9851, 5.2601 51.9873, 5.2627 51.9873, 5.2663 51.987, 5.2705 51.9863, 5.2755 51.9846, 5.2778 51.9841, 5.2724 51.9814, 5.2714 51.9816, 5.2533 51.9869, 5.248 51.9888, 5.2466 51.9892, 5.2438 51.9896, 5.2416 51.9902, 5.2072 52.0005, 5.2073 52.0007, 5.2098 52.0022, 5.2103 52.0021, 5.2108 52.0023, 5.2114 52.0033, 5.212 52.0037, 5.2117 52.0044, 5.2129 52.0065, 5.2124 52.007, 5.2114 52.0074, 5.2073 52.0083, 5.2046 52.0092, 5.2032 52.0107, 5.1986 52.0136, 5.1979 52.0143, 5.1976 52.0143, 5.1958 52.0103, 5.1926 52.0114, 5.1927 52.0114, 5.1925 52.0116, 5.1933 52.0118, 5.1944 52.0125, 5.1951 52.0134, 5.1951 52.0159, 5.1955 52.0167, 5.1976 52.0185, 5.1986 52.0196, 5.1988 52.0202, 5.1987 52.0208, 5.1959 52.0231, 5.1951 52.0246, 5.1946 52.0251, 5.1937 52.0255, 5.192 52.0256, 5.1893 52.0252, 5.1866 52.0253, 5.1843 52.026, 5.1842 52.0266, 5.1846 52.0322, 5.1848 52.0329, 5.1847 52.0334, 5.185 52.0347, 5.1848 52.0359, 5.1852 52.0371, 5.1858 52.0405, 5.1854 52.0414, 5.1854 52.042, 5.1858 52.0427, 5.1892 52.046, 5.1901 52.0477, 5.1926 52.0508, 5.1927 52.0514, 5.1926 52.0515, 5.1929 52.0514))",Weidehooi,Licht klei met homogeen profiel,2.79,2.81,1.5700000000000005,0.6499999999999999,1.7,4.6,113.02,0.94,14462839,245868,665290,1,1,0,0,1
AFVG62,0.0,"POLYGON ((5.4756 52.0196, 5.4665 51.9995, 5.4633 51.9992, 5.4631 51.9991, 5.463 51.9986, 5.4627 51.9982, 5.4618 51.9978, 5.4607 51.9977, 5.4561 51.9966, 5.4555 51.9966, 5.4535 51.9958, 5.4512 51.9956, 5.4505 51.9953, 5.4498 51.9954, 5.4443 51.9942, 5.4421 51.9935, 5.4378 51.9929, 5.4359 51.9923, 5.432 51.9906, 5.4304 51.9901, 5.4287 51.9892, 5.4278 51.9891, 5.4269 51.9887, 5.4258 51.9885, 5.4244 51.988, 5.4239 51.9876, 5.4229 51.9861, 5.4223 51.9841, 5.4219 51.9835, 5.4205 51.9826, 5.4185 51.9821, 5.4181 51.9819, 5.4178 51.9815, 5.417 51.9814, 5.4159 51.9807, 5.4143 51.98, 5.4137 51.9796, 5.413 51.9788, 5.4119 51.9783, 5.4061 51.977, 5.4028 51.9766, 5.3996 51.9758, 5.3951 51.9758, 5.3943 51.976, 5.39 51.9764, 5.3856 51.9763, 5.3829 51.977, 5.3815 51.977, 5.3806 51.9773, 5.3787 51.9774, 5.3774 51.9777, 5.3757 51.9784, 5.3737 51.9787, 5.372 51.9783, 5.3695 51.9783, 5.3671 51.978, 5.3656 51.9781, 5.3651 51.9778, 5.3643 51.9776, 5.3628 51.9776, 5.3623 51.9774, 5.3614 51.9776, 5.3603 51.9776, 5.3575 51.977, 5.3576 51.9771, 5.356 51.9791, 5.3529 51.9818, 5.3524 51.9824, 5.3575 51.9839, 5.3744 51.9857, 5.385 51.987, 5.3987 51.9879, 5.3998 51.9882, 5.4214 52.0002, 5.4182 52.0016, 5.4253 52.0055, 5.4339 52.0195, 5.4384 52.0192, 5.4403 52.0184, 5.4465 52.0166, 5.452 52.0161, 5.4522 52.0165, 5.4579 52.0143, 5.458 52.0144, 5.4627 52.0142, 5.4627 52.0149, 5.4671 52.0147, 5.4739 52.0197, 5.4756 52.0196))",Weidehooi,Klei met zware tussenlaag of ondergrond,11.9,5.58,40.18,9.43,1.9,12.5,179.14,0.84,13432819,255223,1679102,1,1,0,0,1
AFVG64,0.053,"POLYGON ((4.8686 52.063, 4.8714 52.0594, 4.8739 52.0604, 4.8752 52.0617, 4.8814 52.0576, 4.8767 52.0527, 4.8742 52.0508, 4.8727 52.048, 4.8705 52.0446, 4.87 52.0415, 4.8646 52.0376, 4.8629 52.0368, 4.8615 52.0365, 4.8614 52.0364, 4.8619 52.0357, 4.8613 52.0355, 4.8618 52.0348, 4.8616 52.035, 4.8608 52.0349, 4.8643 52.0302, 4.8643 52.0299, 4.8648 52.0291, 4.8669 52.0261, 4.8676 52.026, 4.868 52.0251, 4.8678 52.0245, 4.8685 52.0235, 4.8683 52.0232, 4.868 52.0233, 4.868 52.0236, 4.8676 52.024, 4.8659 52.0245, 4.8638 52.0246, 4.8619 52.024, 4.8592 52.0275, 4.8607 52.0279, 4.856 52.0343, 4.843 52.0318, 4.8388 52.0374, 4.8379 52.0385, 4.8377 52.0384, 4.8354 52.0413, 4.8309 52.0472, 4.8294 52.0494, 4.837 52.0529, 4.8435 52.0561, 4.8448 52.0569, 4.848 52.0582, 4.8539 52.0587, 4.8565 52.0592, 4.8587 52.0602, 4.8629 52.0616, 4.8673 52.0628, 4.8683 52.0634, 4.8792 52.0756, 4.8816 52.0747, 4.8779 52.0716, 4.8776 52.0713, 4.8779 52.0712, 4.8686 52.0632, 4.8686 52.063))",Weidehooi,Veraarde bovengrond op diep veen,-1.69,-1.73,1.08,0.1700000000000001,12.8,6.3,338.13,0.92,7716352,987693,486130,1,0,1,0,0
AFVG65,0.077,"POLYGON ((5.2238 52.1579, 5.2243 52.1564, 5.225 52.1533, 5.2255 52.1529, 5.2255 52.1527, 5.224 52.1512, 5.2274 52.1501, 5.2278 52.1477, 5.2325 52.1479, 5.2333 52.1481, 5.2343 52.1476, 5.2373 52.1469, 5.2389 52.1445, 5.2401 52.1432, 5.2419 52.142, 5.2445 52.1408, 5.2565 52.1441, 5.2568 52.1431, 5.255 52.1389, 5.2566 52.1359, 5.257 52.1356, 5.2589 52.1332, 5.2644 52.1251, 5.2719 52.1272, 5.2822 52.112, 5.2849 52.1127, 5.2904 52.1049, 5.3023 52.111, 5.3061 52.1104, 5.3109 52.1084, 5.3263 52.0998, 5.3346 52.0963, 5.34 52.095, 5.3443 52.0944, 5.3428 52.0904, 5.3456 52.0825, 5.3454 52.0812, 5.345 52.0802, 5.3454 52.08, 5.346 52.0793, 5.3475 52.0768, 5.3477 52.0759, 5.3477 52.0751, 5.3473 52.0742, 5.3463 52.0729, 5.3475 52.0722, 5.3455 52.0705, 5.3483 52.0661, 5.3386 52.066, 5.3396 52.0586, 5.344 52.0564, 5.3439 52.0563, 5.3455 52.0554, 5.3544 52.0509, 5.3732 52.0437, 5.3684 52.032, 5.3632 52.0337, 5.358 52.0343, 5.3516 52.0341, 5.348 52.0333, 5.346 52.0333, 5.3373 52.0351, 5.3354 52.0352, 5.3317 52.0357, 5.3252 52.0357, 5.3227 52.036, 5.3185 52.0368, 5.3161 52.0376, 5.3125 52.0384, 5.3097 52.04, 5.3035 52.0428, 5.3022 52.0436, 5.311 52.0507, 5.3074 52.0525, 5.3053 52.0538, 5.3034 52.0545, 5.2975 52.0497, 5.2945 52.0478, 5.2944 52.0479, 5.2933 52.0473, 5.2902 52.0453, 5.2885 52.045, 5.2821 52.0419, 5.2817 52.042, 5.2817 52.043, 5.2823 52.0447, 5.2828 52.0488, 5.2809 52.0492, 5.2788 52.0495, 5.2698 52.0444, 5.2692 52.0448, 5.2691 52.0451, 5.2688 52.0451, 5.2615 52.0503, 5.2673 52.0536, 5.2642 52.0555, 5.2629 52.0547, 5.2607 52.056, 5.2672 52.0608, 5.2739 52.0646, 5.2694 52.0676, 5.2652 52.07, 5.258 52.066, 5.2576 52.0657, 5.2574 52.0653, 5.25 52.0648, 5.2339 52.0658, 5.2304 52.068, 5.2329 52.0699, 5.2337 52.0693, 5.2371 52.0687, 5.2392 52.0686, 5.2405 52.0687, 5.2435 52.0697, 5.2399 52.0732, 5.2352 52.0774, 5.2326 52.0776, 5.223 52.0708, 5.2199 52.0688, 5.2196 52.0677, 5.2199 52.0673, 5.2215 52.0671, 5.2209 52.0655, 5.2145 52.0654, 5.2125 52.0664, 5.212 52.0669, 5.2104 52.0675, 5.2085 52.0675, 5.209 52.07, 5.212 52.0709, 5.2059 52.0737, 5.2016 52.0762, 5.2001 52.0759, 5.197 52.0765, 5.1947 52.0787, 5.1945 52.0803, 5.1935 52.0838, 5.1931 52.0862, 5.1857 52.0926, 5.1952 52.0927, 5.1978 52.0937, 5.1994 52.0947, 5.198 52.0948, 5.186 52.0934, 5.1854 52.0948, 5.1845 52.0954, 5.1835 52.0958, 5.1864 52.1003, 5.1825 52.1021, 5.1796 52.1029, 5.1778 52.1029, 5.171 52.1014, 5.1712 52.1017, 5.1711 52.1018, 5.1736 52.1026, 5.1775 52.1033, 5.1794 52.1033, 5.1818 52.1029, 5.1829 52.1024, 5.1843 52.1044, 5.1856 52.1043, 5.1862 52.1055, 5.1869 52.1062, 5.1912 52.1124, 5.1954 52.1177, 5.1835 52.1182, 5.1764 52.1157, 5.1786 52.1187, 5.1798 52.1214, 5.1802 52.1229, 5.1788 52.1232, 5.1796 52.124, 5.1829 52.1283, 5.183 52.1284, 5.1885 52.1274, 5.19 52.1273, 5.2014 52.1406, 5.1996 52.1411, 5.2025 52.1451, 5.2034 52.1455, 5.2056 52.146, 5.205 52.1469, 5.2018 52.1531, 5.2036 52.1548, 5.203 52.1568, 5.2029 52.1578, 5.2034 52.1579, 5.2091 52.1566, 5.2095 52.1567, 5.213 52.1566, 5.2147 52.1569, 5.2155 52.1573, 5.2181 52.1579, 5.2237 52.1583, 5.2238 52.1579))",Bos/Natuur,Stuifzand,9.89,6.44,28.21,6.92,0.8,19.4,286.39,0.68,86315537,690524,16745214,0,0,0,1,1
AFVG67,0.039,"POLYGON ((4.8263 52.0778, 4.8259 52.0738, 4.8246 52.0694, 4.8243 52.0678, 4.8239 52.0674, 4.8222 52.0669, 4.8224 52.0661, 4.8222 52.0652, 4.8206 52.0629, 4.8203 52.0615, 4.8233 52.0575, 4.8251 52.0548, 4.8294 52.0494, 4.8318 52.046, 4.8327 52.045, 4.8372 52.039, 4.8377 52.0384, 4.8379 52.0385, 4.8388 52.0374, 4.843 52.0318, 4.8248 52.0284, 4.8171 52.029, 4.8136 52.0285, 4.8116 52.0278, 4.8108 52.0279, 4.809 52.0275, 4.8097 52.0278, 4.8093 52.0289, 4.8076 52.0322, 4.8066 52.0337, 4.803 52.0409, 4.8015 52.0435, 4.801 52.0446, 4.8009 52.0452, 4.7996 52.0476, 4.7992 52.0487, 4.7992 52.0491, 4.8009 52.0525, 4.805 52.0622, 4.8055 52.0638, 4.8075 52.0679, 4.8109 52.0782, 4.813 52.0775, 4.8134 52.0778, 4.8139 52.0777, 4.8174 52.0778, 4.82 52.0782, 4.8246 52.0793, 4.8257 52.0794, 4.8264 52.0793, 4.8263 52.0778))",Weidehooi,Veraarde bovengrond op diep veen,-1.79,-1.91,1.67,0.27,12.0,6.9,330.95,0.92,9214497,1105739,635800,1,0,1,0,0
AFVG70,0.042,"POLYGON ((4.8323 52.086, 4.8325 52.086, 4.8324 52.0863, 4.8321 52.0865, 4.8319 52.089, 4.8313 52.1046, 4.8345 52.1034, 4.8365 52.1029, 4.8383 52.1027, 4.8393 52.1027, 4.8397 52.1029, 4.8422 52.1029, 4.8434 52.1027, 4.8451 52.1021, 4.8453 52.1022, 4.8458 52.1021, 4.8471 52.1016, 4.8522 52.0988, 4.8545 52.0982, 4.8558 52.0974, 4.8577 52.0969, 4.8592 52.0961, 4.8615 52.0952, 4.8616 52.0953, 4.8615 52.0869, 4.8571 52.0877, 4.8555 52.0877, 4.8544 52.0876, 4.8518 52.0868, 4.8452 52.0866, 4.8424 52.0867, 4.8394 52.0865, 4.8394 52.0873, 4.8391 52.0873, 4.8392 52.0865, 4.8386 52.0864, 4.8372 52.0854, 4.8371 52.0839, 4.8363 52.082, 4.8328 52.0845, 4.8319 52.0858, 4.8319 52.0861, 4.8323 52.086))",Weidehooi,Klei op veen,-1.52,-1.72,1.98,0.3900000000000001,8.4,4.9,112.94,0.94,3263533,274136,159913,1,1,0,0,0
AFVG77,0.074,"POLYGON ((5.0727 52.1225, 5.0717 52.1218, 5.0713 52.122, 5.0693 52.1202, 5.0686 52.1206, 5.0672 52.1196, 5.0616 52.1229, 5.0668 52.1261, 5.0682 52.1248, 5.0685 52.1243, 5.0703 52.1239, 5.0727 52.1225))",Groenvoorziening,Licht klei met homogeen profiel,0.78,0.73,1.45,0.4599999999999999,6.2,6.8,78.02,0.65,267675,16595,18201,1,1,0,0,0
AFVG78,0.068,"POLYGON ((5.1016 52.1285, 5.0922 52.1202, 5.091 52.1191, 5.0905 52.1184, 5.0888 52.1187, 5.0851 52.119, 5.0852 52.1192, 5.0851 52.119, 5.0829 52.1193, 5.0805 52.1191, 5.0795 52.1193, 5.0759 52.1213, 5.074 52.1229, 5.0725 52.1255, 5.0756 52.1272, 5.0761 52.127, 5.0856 52.1345, 5.0986 52.129, 5.1016 52.1285))",Groenvoorziening,Klei met zware tussenlaag of ondergrond,0.97,1.06,2.35,1.47,5.0,24.8,112.64,0.53,2014621,100731,499626,1,1,0,0,0
